"Group","Mean_INPUT","Median_INPUT","SD_INPUT","N"
"TES_bound",7.56711343438121,7.13562438095238,3.75023676761408,15319
"Unbound",6.88754043703897,6.47592076190476,3.53095223487437,15319
